ID,Name,Gender,Age,Birthdate,Address
9c755f02-6061-4828-bb0b-a8184a5fba24,성주은,여성,22,2003-05-11,광주 서초구 수서로 20길 466
c6a2deba-acc0-4251-b12a-0d4cdb23d94d,임지훈,남성,51,1974-09-08,하남 종로구 양재대로 2길 198
bc4ee843-f4da-43ca-847f-b43b821205b1,송정민,여성,46,1979-05-14,인천 성북구 청계천로 120
74ee952d-4739-4298-b895-c5b3f92983e7,김유준,남성,20,2005-03-15,울산 강남구 일산로 281
dedca9be-abef-440c-998b-123f20d3ea2a,신지오,남성,18,2007-10-09,서울 서초구 청계천로 295
aec068ed-a8bc-42ba-aa44-25bd03d8e23e,차지영,여성,55,1970-10-22,광주 중랑구 군자로 337
66841b64-6413-4d91-baa8-6bffd8ef8e17,신유준,남성,28,1997-07-25,청주 영등포구 잠실로 14길 242
22d7922a-b91f-4b06-ab15-0975bcb02ee7,김지혜,여성,55,1970-09-17,전주 강남구 서울숲로 402
d97d71e8-a265-4f40-8aed-bc57fa43ca4b,송보람,여성,33,1992-12-21,전주 중랑구 왕십리로 78길 405
a7d8ea67-0a9d-4660-bad0-d32470be544a,노유진,여성,53,1972-07-09,시흥 강서구 서초대로 125길 115
9d6daed3-977c-4a21-a355-c027568bc057,황주영,남성,38,1987-04-05,성남 구로구 도산대로 100길 451
02cc4ea9-363c-447b-b0dd-c047297b69a8,고유나,여성,15,2010-10-12,김해 강서구 명동로 98길 290
8b541e7b-82e0-48e9-9894-f4044e837496,김은영,여성,46,1979-01-19,김해 도봉구 서울숲로 111길 359
463cc169-4bfb-4b84-b7cc-0cdb1ebea546,신지원,여성,56,1969-09-21,수원 노원구 청계천로 95길 447
aee88772-c403-411d-baa3-5238918817ce,하보람,여성,32,1993-12-12,양주 구로구 하남대로 30길 30
a15be804-1dbb-468b-a2e6-c11f5d5cda08,지시은,여성,36,1989-01-12,나주 중랑구 강북로 250
f994c792-271d-44e1-b8c1-5d89650c0a4e,하지연,여성,58,1967-03-14,울산 용산구 강동대로 337
fcc625aa-7988-49ba-a2a5-c613981787e7,전건우,남성,28,1997-01-07,서울 서초구 테헤란로 97길 84
3d4ce724-4c3a-41d0-91e0-57d9a56d09d5,유찬우,남성,17,2008-06-17,울산 금천구 홍대앞길 134길 201
ee158f85-61ff-4689-a3a3-b9a31e4160fd,남주은,여성,21,2004-10-18,성남 마포구 동대문로 224
d5347cfa-ddb3-47e8-9dcb-94d377be8acd,허지율,남성,10,2015-03-02,시흥 용산구 신림로 13길 396
6000ae82-bf23-4656-928a-7713f19dfc8d,나다영,여성,14,2011-03-02,안양 강북구 하남대로 165
a0836a60-28ae-4f8c-b0ba-0189c47ee498,송서현,여성,23,2002-09-21,인천 강서구 도산대로 138길 418
0287aca1-72f3-48c9-b878-4b9b3a1ab13b,구혜진,여성,49,1976-04-21,광명 강동구 잠실로 383
703ec187-0ec9-41b7-b9cb-ecce96f26703,전현정,여성,58,1967-02-05,하남 도봉구 청계천로 12길 203
daaa96f5-bf86-4ab8-a77a-4b6cc7150b90,백서준,남성,26,1999-03-01,수원 관악구 방배로 149길 5
f675417d-3f95-4e9d-ba39-cc7af475aee5,임주은,여성,21,2004-04-11,울산 도봉구 서울로 388
1461b220-5e63-4fab-8537-95231e51d2ce,백미정,여성,31,1994-03-07,수원 서초구 서울로 460
67f7610d-f8c1-4959-8e9b-3cb136465f7f,허지민,여성,26,1999-02-03,서울 동대문구 강북로 99
b93036d4-2d11-4805-8723-205ea35620c3,강지아,여성,10,2015-06-14,성남 강서구 삼성로 102길 444
7c7de53b-8647-4157-ba24-e468ea22e16d,배형준,남성,42,1983-11-08,이천 성북구 왕십리로 277
3d6b4bae-d684-4b2f-97de-9ff874f60750,손태훈,남성,42,1983-03-24,김해 동대문구 홍대앞길 436
8dca1fe3-e13d-4196-95a0-95318a6c0033,유지영,여성,59,1966-06-27,울산 양천구 서울로 384
6ce9704d-cce3-4db7-afbc-21a51493d598,노소영,여성,49,1976-12-04,진주 강서구 청계천로 6길 249
7c8d7e8c-9724-42d3-aa2a-c16fefd8af4d,정선희,여성,48,1977-02-27,고양 중구 청계천로 80길 266
870f6785-5593-4387-b00d-e36f191f35c2,남소희,여성,35,1990-11-26,성남 강동구 서울숲로 92길 3
f6805bad-099f-4dac-9e3e-cd87190e3be7,곽정수,남성,46,1979-12-04,대전 송파구 강북로 277
2ff992e8-cf70-4f87-ad43-4c0ccf128aa4,전태윤,남성,29,1996-08-03,고양 종로구 방배로 383
27411ce6-aa3e-46d2-ab60-5faa8b9e6701,우지현,여성,45,1980-03-22,광명 송파구 구의로 47길 252
ba15fbf1-bf93-445e-9f2a-7ed8a13b3c4b,배건우,남성,20,2005-05-23,청주 동대문구 일산로 148
119f28db-28ee-4512-bf82-c7cddf5b50d6,우지우,여성,28,1997-04-04,이천 양천구 서울숲로 42길 290
803e660e-1100-4fd0-8c52-70d56e42e981,윤수아,여성,12,2013-11-01,인천 성북구 서울로 120길 186
86329dbd-2c9d-4cf4-8c04-4b778dc8c376,하건호,남성,18,2007-11-08,안양 금천구 방배로 120
effed500-69a6-4882-874f-c43fdd00ab5b,곽상훈,남성,42,1983-03-13,진주 양천구 종로 45
1a8d95cd-6ce8-4681-83c6-0b326e63069c,정준호,남성,44,1981-04-13,용인 노원구 송파대로 376
a079730b-8bab-4044-8617-b19999970d8c,손지훈,남성,59,1966-03-14,창원 서초구 시청로 3길 209
6b66ecae-7ad5-4771-af92-6ec2f5278ad1,지수아,여성,12,2013-01-05,이천 송파구 서초대로 306
845c57b6-f688-469c-bad5-c795a0c288b2,최태석,남성,30,1995-06-17,나주 도봉구 방배로 111길 390
8709f4f0-b0b2-45d9-9507-ce16bce84c7c,문지율,남성,15,2010-05-26,서울 영등포구 신촌로 2
434b5a06-81c9-483e-87a5-09f0a87b7e0f,노정수,남성,43,1982-02-06,천안 서초구 잠실로 141길 148
51ae0d52-f1bf-4f67-b863-729a37c39e42,강수혁,남성,43,1982-06-03,김해 성북구 광명로 350
3df1497e-6ff5-49ae-90a0-bed2333a4e16,고유진,여성,57,1968-09-21,용인 강동구 동작대로 200
aff9715e-b48b-4446-a0ad-472167d734f5,최승규,남성,51,1974-01-24,성남 강동구 도산대로 200
02a1418c-b3e4-4eaf-a94f-2e6db8d4d6ed,오수진,여성,58,1967-08-18,부산 서초구 응암로 160
a2446b03-33cf-497b-a45f-40640b56c63f,오채원,여성,21,2004-03-14,안양 관악구 수서로 11길 137
61b57909-63c5-4d9b-af3b-a30cfef35959,배찬민,남성,12,2013-09-03,대전 강동구 명동로 9길 443
fd33170f-7e91-422b-a3a8-b492e22f0c44,유현경,여성,39,1986-11-20,양주 서초구 하남대로 121길 480
57da8795-121c-4045-90ce-59306f383edd,조민준,남성,32,1993-10-12,광명 구로구 삼성로 11
ce763c4f-3626-4cb3-81ca-0d408848e19a,한지우,여성,21,2004-09-17,수원 영등포구 공덕로 130길 242
e87a5eb6-ef07-416c-9f2e-bbb5491e57a2,진소희,여성,34,1991-04-27,시흥 도봉구 서초대로 276
0dc65821-f1a2-4a08-ab94-870d23c70342,배수현,여성,48,1977-12-09,김해 관악구 청담로 13길 205
b7ca9635-6026-478a-82e3-f8f323f7c28b,차유민,남성,30,1995-10-13,서울 중랑구 남대문로 98길 112
ac419bd4-1559-4add-b1a9-06a108fa9309,임도현,남성,40,1985-06-01,부산 강서구 하남대로 146
4e1f93d1-fe68-4c4e-9235-4808ae9e713b,정수진,여성,51,1974-12-03,성남 송파구 광명로 140길 486
8caf0a0f-5614-40cb-978b-31dbb83298c5,문형준,남성,49,1976-02-27,청주 서초구 왕십리로 103
a333d5f6-8330-4c3d-a9c6-d0a2f4733106,송민준,남성,31,1994-05-06,울산 동작구 송파대로 78길 259
19187481-6515-4f94-bb85-eebf77b32f63,차유민,남성,39,1986-07-02,광명 노원구 공덕로 294
5d097369-7bef-47a4-9f54-14a8a8e5576d,박찬우,남성,13,2012-08-04,김해 송파구 공덕로 129길 368
de95e2da-6569-475f-90f2-8af36dcc2362,우채원,여성,29,1996-02-13,김해 구로구 남대문로 35길 500
ab496aba-ff20-4345-a027-b9aecce2cd24,한윤정,여성,40,1985-09-15,안양 강서구 종로 104길 352
96ed9dfa-b306-4448-b936-28484539e1fe,김지원,여성,52,1973-12-12,안양 성동구 수서로 4길 115
2e72d92b-9759-443f-9ef9-81f69a46bf83,신예진,여성,35,1990-06-03,고양 용산구 강북로 87길 192
d9168c9c-13d9-493d-b25d-8c1e2effb3ac,안소영,여성,43,1982-04-13,부산 관악구 신림로 291
e2856b5a-6600-4c36-9971-131734ca4350,배승민,남성,32,1993-08-15,창원 성북구 청담로 138길 315
5da8e81a-00e4-4171-a05a-f4f5252fd02f,강영희,여성,59,1966-02-22,대전 관악구 서울숲로 42
821d84d3-d561-4bb4-bfec-288608718405,주소영,여성,41,1984-08-06,하남 용산구 신촌로 107
0dc27dbc-9507-4c80-a0c1-36d8d7e2f981,배준호,남성,47,1978-01-28,시흥 강동구 수서로 121
9f72420a-e9bb-4dc9-8080-6825918fc5bb,서수진,여성,51,1974-11-03,인천 구로구 동작대로 368
e1a46dfb-5a18-41d7-bd49-dc0742fecae7,배채원,여성,24,2001-10-09,진주 도봉구 하남대로 205
c8222048-550d-4873-9b62-2a59c6f5b6d9,유예준,남성,20,2005-12-01,부산 노원구 동작대로 161
5acd4372-4f69-4b17-81cc-d518346496e2,임진수,남성,52,1973-04-06,서울 도봉구 청계천로 39
8cb938c6-5cf5-47c4-b668-0024fb9a79fb,민지민,남성,20,2005-12-22,성남 송파구 강북로 20길 32
c5cf3314-d0c9-43c5-964b-f0552a3162e3,하수아,여성,16,2009-05-03,인천 종로구 삼성로 153
3abdb69c-358e-409f-997f-4fe455544b60,남태윤,남성,21,2004-12-17,창원 종로구 양재대로 118길 500
ca3012e1-4aaf-4fa8-8aaa-a613ed3f9e5c,전현정,여성,51,1974-01-16,서울 마포구 청담로 147길 486
cae613c5-cad6-44b7-896f-ddd38cb669c6,최지아,여성,11,2014-05-15,청주 동대문구 서울로 27
3b7fc851-b700-4f2b-aa3d-49a60e992b40,신가은,여성,10,2015-08-21,인천 마포구 도산대로 70길 310
d4c88c69-c5fa-4ff6-b51e-2c07a74d2a07,우지은,여성,54,1971-02-01,청주 금천구 삼성로 146길 317
a388f124-2c72-403d-bcda-865b2179939c,민지훈,남성,55,1970-01-26,수원 은평구 송파대로 225
406770bc-28a7-4141-aeef-c50925336ade,노도현,남성,42,1983-10-25,성남 용산구 수서로 175
6a863117-eed1-4279-a585-d66d07b46158,유지훈,남성,55,1970-03-26,수원 성북구 서울로 37길 297
a75322f2-efc0-4ae4-8f8d-0d5ed93ebb29,진미영,여성,36,1989-01-15,양주 송파구 동대문로 42길 433
707021d8-474f-47b6-a699-da9e24b21dcf,고태훈,남성,44,1981-02-25,천안 양천구 방배로 74길 38
fc2dccba-1ff6-427a-b184-a87f2c009f1b,한상훈,남성,42,1983-02-19,부산 강북구 하남대로 464
25b33b11-38d6-48d5-9094-222f8554c7f3,유윤아,여성,20,2005-02-04,인천 양천구 종로 142
a299e876-2119-4c0f-bbdb-e5fd07db8396,문주호,남성,16,2009-09-09,대전 은평구 강북로 168
000b5f03-1d5f-449d-a5b1-9cf0dc8290da,신지오,남성,10,2015-09-21,전주 동작구 남대문로 75길 371
cc463a4a-8ef0-4722-8998-9c48620282cc,지정민,여성,47,1978-12-08,김해 성북구 청계천로 8길 3
edd5dc6b-06e7-4ad2-a72c-2422512d3c27,한하영,여성,21,2004-06-09,광주 서대문구 청계천로 3길 496
31ddf517-b4ad-4f03-ba3b-0f010f5cd0a9,권시우,남성,20,2005-03-08,창원 마포구 서울숲로 69길 286
